     1,     1,     1,     1,     1,     1,     1,     1,     1,     1,     1,     1,     1,     1,     1,     1
     1,     1,     1,     1,     1,     1,     1,     1,     1,     1,     1,     1,     1,     1,     1,     1
     1,     1,     1,     1,     1,     1,     1,     1,     1,     1,     1,     1,     1,     1,     1,     1
   101,    81,     1,     1,     1,     1,     1,     1,   459,   423,     1,     1,     1,     1,     1,     1
     1,     1,     1,     1,     1,     1,     1,     1,     1,     1,     1,     1,     1,     1,     1,     1
    91,     1,   118,     1,     1,     1,     1,     1,   424,     1,   488,     1,     1,     1,     1,     1
     1,   106,    99,     1,     1,     1,     1,     1,     1,   468,   484,     1,     1,     1,     1,     1
    28,    40,    26,     1,     1,     1,     1,     1,   139,   163,   140,     1,     1,     1,     1,     1
     1,     1,     1,     1,     1,     1,     1,     1,     1,     1,     1,     1,     1,     1,     1,     1
   169,     1,     1,   118,     1,     1,     1,     1,   743,     1,     1,   596,     1,     1,     1,     1
     1,   151,     1,   157,     1,     1,     1,     1,     1,   688,     1,   741,     1,     1,     1,     1
    68,    69,     1,    51,     1,     1,     1,     1,   294,   265,     1,   219,     1,     1,     1,     1
     1,     1,   135,   171,     1,     1,     1,     1,     1,     1,   677,   771,     1,     1,     1,     1
    53,     1,    54,    66,     1,     1,     1,     1,   253,     1,   256,   276,     1,     1,     1,     1
     1,    59,    49,    60,     1,     1,     1,     1,     1,   263,   235,   274,     1,     1,     1,     1
    32,    54,    17,    59,     1,     1,     1,     1,   124,   205,   102,   208,     1,     1,     1,     1
     1,     1,     1,     1,     1,     1,     1,     1,     1,     1,     1,     1,     1,     1,     1,     1
   105,     1,     1,     1,   106,     1,     1,     1,   482,     1,     1,     1,   465,     1,     1,     1
     1,   104,     1,     1,   112,     1,     1,     1,     1,   456,     1,     1,   484,     1,     1,     1
    25,    30,     1,     1,    44,     1,     1,     1,   131,   150,     1,     1,   165,     1,     1,     1
     1,     1,   107,     1,   103,     1,     1,     1,     1,     1,   475,     1,   467,     1,     1,     1
    33,     1,    42,     1,    18,     1,     1,     1,   171,     1,   176,     1,    99,     1,     1,     1
     1,    31,    21,     1,    40,     1,     1,     1,     1,   157,   115,     1,   157,     1,     1,     1
    20,    17,    11,     1,     7,     1,     1,     1,   110,    70,    67,     1,    54,     1,     1,     1
     1,     1,     1,   167,   152,     1,     1,     1,     1,     1,     1,   737,   728,     1,     1,     1
    47,     1,     1,    43,    67,     1,     1,     1,   246,     1,     1,   216,   296,     1,     1,     1
     1,    76,     1,    45,    26,     1,     1,     1,     1,   321,     1,   242,   163,     1,     1,     1
    43,    32,     1,    27,    42,     1,     1,     1,   171,   142,     1,   132,   161,     1,     1,     1
     1,     1,    55,    42,    66,     1,     1,     1,     1,     1,   251,   208,   258,     1,     1,     1
    37,     1,    45,    29,    44,     1,     1,     1,   166,     1,   193,   127,   171,     1,     1,     1
     1,    35,    34,    35,    31,     1,     1,     1,     1,   159,   164,   175,   142,     1,     1,     1
    31,    45,    28,    44,    38,     1,     1,     1,   141,   169,   123,   190,   150,     1,     1,     1
     1,     1,     1,     1,     1,     1,     1,     1,     1,     1,     1,     1,     1,     1,     1,     1
   102,     1,     1,     1,     1,    79,     1,     1,   473,     1,     1,     1,     1,   416,     1,     1
     1,   115,     1,     1,     1,    84,     1,     1,     1,   527,     1,     1,     1,   417,     1,     1
    21,    27,     1,     1,     1,    45,     1,     1,   108,   115,     1,     1,     1,   178,     1,     1
     1,     1,    95,     1,     1,   112,     1,     1,     1,     1,   441,     1,     1,   501,     1,     1
    24,     1,    37,     1,     1,    32,     1,     1,   110,     1,   176,     1,     1,   142,     1,     1
     1,    29,     3,     1,     1,    50,     1,     1,     1,   152,    50,     1,     1,   218,     1,     1
    15,     8,    13,     1,     1,     7,     1,     1,    79,    54,    69,     1,     1,    43,     1,     1
     1,     1,     1,   195,     1,   146,     1,     1,     1,     1,     1,   802,     1,   654,     1,     1
    59,     1,     1,    59,     1,    50,     1,     1,   240,     1,     1,   267,     1,   234,     1,     1
     1,    88,     1,    25,     1,    48,     1,     1,     1,   350,     1,   141,     1,   252,     1,     1
    33,    37,     1,    25,     1,    53,     1,     1,   159,   169,     1,   125,     1,   168,     1,     1
     1,     1,    50,    65,     1,    44,     1,     1,     1,     1,   247,   298,     1,   231,     1,     1
    38,     1,    47,    16,     1,    44,     1,     1,   165,     1,   175,    99,     1,   175,     1,     1
     1,    52,    19,    38,     1,    34,     1,     1,     1,   192,   115,   149,     1,   158,     1,     1
    28,    26,    51,    33,     1,    35,     1,     1,   128,   134,   173,   150,     1,   146,     1,     1
     1,     1,     1,     1,   102,    92,     1,     1,     1,     1,     1,     1,   472,   486,     1,     1
    22,     1,     1,     1,    42,    29,     1,     1,   109,     1,     1,     1,   187,   159,     1,     1
     1,    36,     1,     1,    23,    43,     1,     1,     1,   153,     1,     1,   109,   161,     1,     1
     8,    11,     1,     1,    41,    13,     1,     1,    54,    56,     1,     1,   122,    60,     1,     1
     1,     1,    29,     1,    24,    38,     1,     1,     1,     1,   143,     1,   130,   148,     1,     1
    10,     1,    27,     1,    16,     8,     1,     1,    48,     1,    84,     1,    68,    51,     1,     1
     1,    18,     7,     1,    27,    13,     1,     1,     1,    64,    51,     1,    79,    64,     1,     1
    13,     7,    12,     1,     6,     7,     1,     1,    45,    30,    50,     1,    40,    31,     1,     1
     1,     1,     1,    49,    69,    56,     1,     1,     1,     1,     1,   210,   293,   221,     1,     1
    33,     1,     1,    37,    37,    40,     1,     1,   141,     1,     1,   148,   153,   165,     1,     1
     1,    24,     1,    30,    30,    30,     1,     1,     1,   149,     1,   160,   155,   152,     1,     1
    30,    20,     1,    17,    50,    50,     1,     1,   134,   113,     1,   124,   190,   196,     1,     1
     1,     1,    34,    39,    52,    16,     1,     1,     1,     1,   147,   171,   202,   101,     1,     1
    32,     1,    41,    32,    34,    31,     1,     1,   153,     1,   177,   155,   154,   146,     1,     1
     1,    40,    56,    40,    27,    22,     1,     1,     1,   166,   183,   174,   138,   116,     1,     1
    12,    23,    28,    34,    37,    37,     1,     1,    66,   112,   143,   153,   156,   177,     1,     1
     1,     1,     1,     1,     1,     1,     1,     1,     1,     1,     1,     1,     1,     1,     1,     1
   127,     1,     1,     1,     1,     1,   115,     1,   507,     1,     1,     1,     1,     1,   445,     1
     1,    94,     1,     1,     1,     1,   123,     1,     1,   418,     1,     1,     1,     1,   538,     1
    37,    31,     1,     1,     1,     1,    34,     1,   148,   126,     1,     1,     1,     1,   124,     1
     1,     1,   103,     1,     1,     1,   130,     1,     1,     1,   423,     1,     1,     1,   477,     1
    38,     1,    24,     1,     1,     1,    39,     1,   159,     1,   108,     1,     1,     1,   148,     1
     1,    40,    23,     1,     1,     1,    32,     1,     1,   180,   108,     1,     1,     1,   116,     1
    22,    16,    19,     1,     1,     1,    18,     1,    61,    73,    66,     1,     1,     1,    77,     1
     1,     1,     1,   132,     1,     1,   212,     1,     1,     1,     1,   621,     1,     1,   777,     1
    63,     1,     1,    45,     1,     1,    73,     1,   259,     1,     1,   222,     1,     1,   268,     1
     1,    61,     1,    62,     1,     1,    60,     1,     1,   255,     1,   277,     1,     1,   245,     1
    42,    19,     1,    41,     1,     1,    34,     1,   149,   109,     1,   188,     1,     1,   151,     1
     1,     1,    57,    50,     1,     1,    71,     1,     1,     1,   247,   220,     1,     1,   258,     1
    30,     1,    56,    33,     1,     1,    36,     1,   117,     1,   182,   148,     1,     1,   130,     1
     1,    22,    36,    34,     1,     1,    55,     1,     1,   132,   143,   150,     1,     1,   179,     1
    43,    43,    24,    32,     1,     1,    44,     1,   172,   164,   138,   148,     1,     1,   166,     1
     1,     1,     1,     1,   106,     1,   127,     1,     1,     1,     1,     1,   449,     1,   489,     1
    43,     1,     1,     1,    10,     1,    33,     1,   176,     1,     1,     1,    78,     1,   133,     1
     1,    23,     1,     1,    54,     1,    42,     1,     1,   100,     1,     1,   176,     1,   152,     1
    27,    12,     1,     1,    13,     1,    15,     1,    91,    56,     1,     1,    57,     1,    73,     1
     1,     1,    42,     1,    41,     1,    14,     1,     1,     1,   169,     1,   171,     1,    87,     1
    14,     1,    15,     1,    15,     1,    20,     1,    58,     1,    72,     1,    72,     1,    69,     1
     1,    11,    21,     1,    17,     1,    18,     1,     1,    67,    90,     1,    64,     1,    81,     1
     7,     2,    20,     1,     6,     1,     4,     1,    33,    23,    78,     1,    30,     1,    33,     1
     1,     1,     1,    75,    57,     1,    78,     1,     1,     1,     1,   288,   212,     1,   287,     1
    29,     1,     1,    39,    23,     1,    56,     1,   153,     1,     1,   179,    98,     1,   209,     1
     1,    20,     1,    28,    41,     1,    56,     1,     1,   113,     1,   122,   174,     1,   184,     1
    41,    34,     1,    27,    30,     1,    40,     1,   163,   157,     1,   127,   152,     1,   153,     1
     1,     1,    36,    30,    24,     1,    41,     1,     1,     1,   149,   137,   120,     1,   164,     1
    33,     1,    43,    29,    31,     1,    58,     1,   136,     1,   189,   141,   135,     1,   190,     1
     1,    43,    38,    14,    49,     1,    47,     1,     1,   176,   176,    92,   184,     1,   171,     1
    36,    31,    39,    30,     7,     1,    40,     1,   152,   162,   166,   141,    68,     1,   144,     1
     1,     1,     1,     1,     1,   123,   109,     1,     1,     1,     1,     1,     1,   509,   431,     1
    34,     1,     1,     1,     1,    22,    27,     1,   157,     1,     1,     1,     1,   129,   121,     1
     1,    33,     1,     1,     1,    25,    46,     1,     1,   145,     1,     1,     1,   128,   163,     1
    19,    11,     1,     1,     1,    11,    25,     1,    74,    53,     1,     1,     1,    51,    92,     1
     1,     1,    23,     1,     1,    23,    45,     1,     1,     1,   123,     1,     1,   138,   164,     1
    19,     1,    13,     1,     1,    14,    13,     1,    75,     1,    77,     1,     1,    64,    65,     1
     1,     9,    19,     1,     1,    25,    13,     1,     1,    50,    76,     1,     1,    88,    61,     1
    11,     6,     9,     1,     1,     8,     7,     1,    54,    31,    38,     1,     1,    39,    45,     1
     1,     1,     1,    61,     1,    53,    60,     1,     1,     1,     1,   248,     1,   233,   258,     1
    39,     1,     1,    42,     1,    20,    50,     1,   166,     1,     1,   160,     1,   113,   190,     1
     1,    24,     1,    32,     1,    33,    59,     1,     1,   130,     1,   137,     1,   139,   183,     1
    36,    21,     1,    47,     1,    19,    46,     1,   150,   103,     1,   185,     1,   117,   170,     1
     1,     1,    31,    46,     1,    39,    44,     1,     1,     1,   129,   168,     1,   157,   158,     1
    30,     1,    26,    38,     1,    27,    55,     1,   130,     1,   125,   153,     1,   123,   187,     1
     1,    24,    39,    28,     1,    20,    45,     1,     1,   111,   175,   146,     1,   107,   181,     1
    28,    43,     5,    26,     1,    34,    26,     1,   155,   204,    53,   129,     1,   174,   124,     1
     1,     1,     1,     1,    38,    35,    40,     1,     1,     1,     1,     1,   155,   160,   141,     1
    18,     1,     1,     1,    12,    15,    21,     1,    81,     1,     1,     1,    64,    78,    78,     1
     1,     7,     1,     1,    18,    16,    22,     1,     1,    45,     1,     1,    73,    82,    73,     1
     9,     6,     1,     1,     2,     9,     9,     1,    45,    31,     1,     1,    22,    43,    46,     1
     1,     1,    15,     1,    18,    11,     9,     1,     1,     1,    74,     1,    85,    63,    55,     1
     9,     1,     3,     1,     6,     5,    14,     1,    42,     1,    27,     1,    43,    36,    58,     1
     1,     8,     7,     1,    15,    10,     8,     1,     1,    41,    32,     1,    50,    40,    37,     1
     1,     9,     6,     1,     3,     4,     6,     1,    15,    47,    35,     1,    25,    25,    31,     1
     1,     1,     1,    34,    40,    28,    49,     1,     1,     1,     1,   138,   157,   119,   183,     1
    20,     1,     1,    37,    29,    29,    41,     1,   116,     1,     1,   185,   137,   149,   190,     1
     1,    42,     1,    41,    32,    24,    33,     1,     1,   160,     1,   169,   143,   142,   143,     1
    27,    27,     1,    10,    19,    25,    55,     1,   144,   141,     1,    70,    90,   145,   218,     1
     1,     1,    21,    23,    55,    31,    61,     1,     1,     1,   111,   130,   200,   142,   213,     1
    21,     1,    15,    40,    42,    31,    40,     1,   111,     1,    91,   182,   168,   133,   174,     1
     1,    21,    37,    21,    38,    34,    24,     1,     1,   106,   141,   131,   153,   155,   128,     1
    14,    15,    44,    28,    47,    26,    31,     1,    97,   142,   225,   175,   240,   151,   154,     1
     1,     1,     1,     1,     1,     1,     1,     1,     1,     1,     1,     1,     1,     1,     1,     1
    97,     1,     1,     1,     1,     1,     1,   103,   458,     1,     1,     1,     1,     1,     1,   470
     1,    96,     1,     1,     1,     1,     1,   101,     1,   459,     1,     1,     1,     1,     1,   506
    17,    29,     1,     1,     1,     1,     1,    27,   118,   140,     1,     1,     1,     1,     1,   180
     1,     1,    86,     1,     1,     1,     1,   102,     1,     1,   413,     1,     1,     1,     1,   467
    21,     1,    48,     1,     1,     1,     1,    31,   116,     1,   184,     1,     1,     1,     1,   155
     1,    29,    42,     1,     1,     1,     1,    31,     1,   133,   162,     1,     1,     1,     1,   137
    27,    10,    10,     1,     1,     1,     1,    12,    90,    49,    64,     1,     1,     1,     1,    70
     1,     1,     1,   170,     1,     1,     1,   146,     1,     1,     1,   758,     1,     1,     1,   668
    47,     1,     1,    62,     1,     1,     1,    62,   244,     1,     1,   290,     1,     1,     1,   272
     1,    31,     1,    88,     1,     1,     1,    51,     1,   184,     1,   363,     1,     1,     1,   242
    31,    39,     1,    42,     1,     1,     1,    22,   164,   168,     1,   170,     1,     1,     1,   112
     1,     1,    64,    63,     1,     1,     1,    44,     1,     1,   272,   261,     1,     1,     1,   210
    52,     1,    43,    20,     1,     1,     1,    35,   176,     1,   185,    96,     1,     1,     1,   153
     1,    31,    37,    35,     1,     1,     1,    36,     1,   141,   155,   144,     1,     1,     1,   153
    48,    34,    32,    19,     1,     1,     1,    31,   193,   148,   157,   116,     1,     1,     1,   138
     1,     1,     1,     1,   117,     1,     1,    90,     1,     1,     1,     1,   502,     1,     1,   433
    19,     1,     1,     1,    24,     1,     1,    37,   104,     1,     1,     1,   145,     1,     1,   170
     1,    16,     1,     1,    33,     1,     1,    43,     1,    97,     1,     1,   151,     1,     1,   161
    16,    15,     1,     1,    14,     1,     1,    14,    60,    60,     1,     1,    71,     1,     1,    63
     1,     1,    26,     1,    28,     1,     1,    29,     1,     1,   144,     1,   136,     1,     1,   146
    12,     1,    15,     1,    15,     1,     1,    19,    66,     1,    54,     1,    69,     1,     1,    80
     1,    22,    17,     1,    18,     1,     1,    19,     1,    76,    63,     1,    71,     1,     1,    80
     8,    12,    13,     1,     6,     1,     1,     6,    40,    64,    48,     1,    34,     1,     1,    32
     1,     1,     1,    37,    67,     1,     1,    52,     1,     1,     1,   210,   282,     1,     1,   247
    20,     1,     1,    43,    45,     1,     1,    25,   131,     1,     1,   198,   198,     1,     1,   120
     1,    40,     1,    30,    54,     1,     1,    30,     1,   166,     1,   141,   182,     1,     1,   124
    42,    33,     1,    21,    41,     1,     1,    39,   168,   142,     1,    98,   156,     1,     1,   175
     1,     1,    42,    46,    33,     1,     1,    14,     1,     1,   172,   176,   154,     1,     1,    70
    43,     1,    34,    41,    30,     1,     1,    32,   171,     1,   136,   155,   139,     1,     1,   124
     1,    21,    32,    50,    29,     1,     1,    37,     1,   116,   145,   183,   136,     1,     1,   154
     7,    28,    39,    34,    33,     1,     1,    22,    85,   138,   179,   148,   169,     1,     1,   121
     1,     1,     1,     1,     1,    99,     1,   101,     1,     1,     1,     1,     1,   479,     1,   458
    39,     1,     1,     1,     1,    30,     1,    31,   159,     1,     1,     1,     1,   138,     1,   141
     1,    23,     1,     1,     1,    22,     1,    43,     1,   150,     1,     1,     1,   107,     1,   182
    21,    10,     1,     1,     1,    17,     1,    13,    83,    61,     1,     1,     1,    74,     1,    65
     1,     1,    37,     1,     1,    29,     1,    40,     1,     1,   161,     1,     1,   134,     1,   176
    19,     1,    19,     1,     1,    12,     1,    16,    68,     1,    66,     1,     1,    58,     1,    74
     1,    11,    10,     1,     1,    16,     1,    21,     1,    63,    65,     1,     1,    82,     1,    86
    19,     2,     5,     1,     1,    16,     1,     8,    71,    29,    34,     1,     1,    52,     1,    43
     1,     1,     1,    36,     1,    49,     1,    70,     1,     1,     1,   183,     1,   262,     1,   323
    28,     1,     1,    53,     1,    28,     1,    38,   133,     1,     1,   168,     1,   139,     1,   162
     1,    43,     1,    35,     1,    34,     1,    33,     1,   168,     1,   156,     1,   134,     1,   153
    34,    46,     1,    33,     1,    29,     1,    37,   154,   176,     1,   148,     1,   140,     1,   151
     1,     1,    49,    32,     1,    30,     1,    33,     1,     1,   184,   149,     1,   130,     1,   139
    52,     1,    28,    54,     1,    27,     1,    20,   183,     1,   133,   203,     1,   130,     1,    96
     1,    20,    41,    41,     1,    38,     1,    26,     1,   102,   169,   168,     1,   174,     1,   145
    17,    36,    32,    26,     1,    23,     1,    28,   106,   155,   132,   133,     1,   130,     1,   139
     1,     1,     1,     1,    31,    30,     1,    43,     1,     1,     1,     1,   117,   135,     1,   161
    19,     1,     1,     1,    13,     9,     1,    12,    90,     1,     1,     1,    72,    59,     1,    53
     1,    13,     1,     1,    22,    16,     1,    11,     1,    73,     1,     1,    82,    78,     1,    58
     4,     7,     1,     1,    15,     5,     1,    13,    32,    29,     1,     1,    63,    30,     1,    57
     1,     1,    15,     1,    13,    22,     1,    23,     1,     1,    57,     1,    65,    81,     1,    84
     4,     1,     9,     1,    10,     5,     1,    12,    23,     1,    34,     1,    55,    37,     1,    49
     1,     6,     7,     1,    10,    15,     1,     9,     1,    31,    36,     1,    39,    46,     1,    38
     5,    12,    13,     1,     6,     7,     1,     3,    21,    35,    45,     1,    29,    26,     1,    23
     1,     1,     1,    28,    41,    32,     1,    31,     1,     1,     1,   129,   168,   133,     1,   155
    46,     1,     1,    37,    22,    23,     1,    37,   173,     1,     1,   140,   123,   116,     1,   156
     1,    23,     1,    50,    55,    16,     1,    31,     1,   125,     1,   193,   198,   104,     1,   153
    27,    34,     1,    42,    40,    18,     1,    21,   136,   159,     1,   171,   184,   108,     1,   116
     1,     1,    32,    45,    33,    38,     1,    29,     1,     1,   134,   189,   148,   168,     1,   151
    16,     1,    28,    34,    51,    19,     1,    33,   104,     1,   128,   168,   181,   123,     1,   155
     1,    18,    37,    26,    44,    28,     1,    11,     1,   104,   155,   140,   181,   133,     1,    86
    29,    32,    18,    21,    16,    21,     1,    32,   200,   183,   138,   162,   124,   173,     1,   193
     1,     1,     1,     1,     1,     1,   123,   100,     1,     1,     1,     1,     1,     1,   495,   441
    12,     1,     1,     1,     1,     1,    38,    40,    90,     1,     1,     1,     1,     1,   154,   178
     1,    24,     1,     1,     1,     1,    32,    29,     1,   118,     1,     1,     1,     1,   144,   130
     8,    15,     1,     1,     1,     1,    20,    16,    51,    76,     1,     1,     1,     1,    94,    88
     1,     1,    14,     1,     1,     1,    64,    22,     1,     1,    92,     1,     1,     1,   235,   128
    23,     1,    17,     1,     1,     1,    11,    13,    81,     1,    73,     1,     1,     1,    56,    57
     1,    25,    11,     1,     1,     1,    29,    11,     1,    90,    51,     1,     1,     1,    93,    57
     7,    11,     2,     1,     1,     1,     8,    16,    39,    50,    27,     1,     1,     1,    38,    62
     1,     1,     1,    36,     1,     1,    72,    52,     1,     1,     1,   199,     1,     1,   278,   237
    31,     1,     1,    22,     1,     1,    43,    43,   132,     1,     1,   118,     1,     1,   169,   173
     1,    38,     1,    31,     1,     1,    51,    35,     1,   168,     1,   121,     1,     1,   179,   138
    25,    47,     1,    35,     1,     1,    51,    26,   126,   211,     1,   163,     1,     1,   192,   107
     1,     1,    51,    22,     1,     1,    64,    17,     1,     1,   199,   123,     1,     1,   223,   111
    31,     1,    31,    26,     1,     1,    42,    46,   152,     1,   147,   130,     1,     1,   159,   176
     1,    22,    43,    37,     1,     1,    52,    29,     1,   107,   154,   161,     1,     1,   204,   141
    11,    32,    27,    24,     1,     1,    53,    22,    90,   156,   141,   126,     1,     1,   189,   126
     1,     1,     1,     1,    30,     1,    40,    33,     1,     1,     1,     1,   138,     1,   156,   140
    15,     1,     1,     1,    26,     1,    21,     8,    55,     1,     1,     1,    97,     1,    73,    51
     1,    14,     1,     1,     9,     1,    18,    28,     1,    69,     1,     1,    55,     1,    67,    92
    11,     9,     1,     1,     9,     1,    11,    12,    48,    43,     1,     1,    38,     1,    42,    42
     1,     1,    11,     1,    17,     1,    24,    11,     1,     1,    63,     1,    75,     1,    86,    51
     4,     1,     4,     1,     9,     1,     8,    10,    33,     1,    35,     1,    47,     1,    46,    48
     1,     9,     6,     1,    17,     1,     4,     5,     1,    49,    36,     1,    59,     1,    31,    27
     8,     9,     9,     1,     5,     1,     1,     5,    35,    44,    37,     1,    30,     1,    14,    25
     1,     1,     1,     1,    47,     1,    44,    46,     1,     1,     1,    40,   188,     1,   162,   203
    33,     1,     1,    31,    29,     1,    33,    30,   145,     1,     1,   146,   127,     1,   131,   132
     1,    23,     1,    31,    34,     1,    45,    36,     1,   113,     1,   147,   147,     1,   167,   160
    17,     8,     1,    33,    33,     1,    36,    18,   120,    72,     1,   179,   158,     1,   166,   131
     1,     1,    31,    40,    32,     1,    37,    21,     1,     1,   155,   170,   162,     1,   176,   119
     1,     1,    39,    30,    39,     1,    29,    30,    37,     1,   181,   149,   165,     1,   131,   154
     1,    33,    41,    20,    31,     1,    29,    24,     1,   144,   164,   101,   154,     1,   137,   123
    19,    30,    35,    26,    24,     1,    51,    28,   121,   178,   179,   161,   138,     1,   248,   167
     1,     1,     1,     1,     1,    31,    37,    37,     1,     1,     1,     1,     1,   140,   155,   149
    20,     1,     1,     1,     1,    17,    22,    17,    72,     1,     1,     1,     1,    71,    67,    68
     1,    10,     1,     1,     1,    11,    15,    18,     1,    67,     1,     1,     1,    56,    59,    78
    13,    13,     1,     1,     1,     1,     8,     9,    57,    49,     1,     1,     1,    18,    40,    43
     1,     1,    12,     1,     1,    15,    37,    12,     1,     1,    48,     1,     1,    65,   100,    50
     5,     1,     3,     1,     1,    11,    18,     9,    29,     1,    21,     1,     1,    48,    53,    56
     1,    10,     4,     1,     1,     4,    12,    10,     1,    50,    36,     1,     1,    36,    53,    52
     4,     5,     6,     1,     1,     3,     5,     9,    29,    26,    38,     1,     1,    23,    31,    40
     1,     1,     1,    42,     1,    30,    63,    22,     1,     1,     1,   185,     1,   154,   228,   120
    10,     1,     1,    39,     1,    28,    73,    29,    91,     1,     1,   201,     1,   153,   249,   157
     1,    44,     1,    14,     1,    41,    61,    26,     1,   163,     1,   100,     1,   167,   191,   151
    18,    30,     1,    30,     1,    20,    44,    21,   111,   150,     1,   139,     1,   117,   188,   137
     1,     1,    39,    27,     1,    50,    40,    19,     1,     1,   177,   138,     1,   207,   156,   110
    34,     1,    30,    15,     1,    37,    45,    25,   151,     1,   124,    84,     1,   147,   174,   146
     1,    19,    28,    23,     1,    25,    30,    31,     1,   115,   133,   149,     1,   155,   132,   147
    24,    22,    22,    39,     1,    38,    49,    28,   164,   133,   141,   191,     1,   190,   224,   156
     1,     1,     1,     1,    12,    14,    27,    17,     1,     1,     1,     1,    60,    64,    81,    69
    11,     1,     1,     1,     8,    10,     9,    12,    48,     1,     1,     1,    31,    42,    46,    51
     1,     7,     1,     1,    15,    10,    12,     7,     1,    35,     1,     1,    57,    51,    42,    41
     3,     5,     1,     1,    12,     7,     7,     2,    22,    16,     1,     1,    43,    34,    28,    25
     1,     1,     9,     1,     2,     5,    18,     3,     1,     1,    57,     1,    30,    34,    65,    25
    10,     1,     6,     1,     2,     7,     7,     4,    41,     1,    28,     1,    25,    38,    33,    23
     1,     3,     8,     1,    10,     9,    10,     2,     1,    19,    30,     1,    26,    32,    37,    18
     1,     1,     1,     1,     1,     1,     1,     1,     1,     1,     1,     1,     1,     1,     1,     1
     1,     1,     1,    24,    24,    39,    65,    38,     1,     1,     1,   117,   125,   158,   203,   177
    21,     1,     1,    24,    38,    29,    50,     5,   120,     1,     1,   136,   187,   163,   199,    61
     1,    32,     1,    26,    15,    17,    38,    33,     1,   157,     1,   136,    88,   128,   165,   153
    17,    28,     1,    28,    36,    19,    44,    24,   123,   177,     1,   173,   217,   122,   215,   162
     1,     1,    39,    26,    19,    27,    34,    27,     1,     1,   180,   132,   114,   142,   150,   127
    29,     1,    22,    30,    11,    26,    32,    29,   182,     1,   162,   169,    96,   154,   181,   185
     1,    21,    29,    33,    26,    22,    10,    44,     1,   173,   184,   184,   156,   150,   116,   231
     1,     1,     1,     1,     1,     1,     1,     1,     1,     1,     1,     1,     1,     1,     1,     1
     1,     1,     1,     1,     1,     1,     1,     1,     1,     1,     1,     1,     1,     1,     1,     1
     1,     1,     1,     1,     1,     1,     1,     1,     1,     1,     1,     1,     1,     1,     1,     1
     1,     1,     1,     1,     1,     1,     1,     1,     1,     1,     1,     1,     1,     1,     1,     1
     1,     1,     1,     1,     1,     1,     1,     1,     1,     1,     1,     1,     1,     1,     1,     1
     1,     1,     1,     1,     1,     1,     1,     1,     1,     1,     1,     1,     1,     1,     1,     1
     1,     1,     1,     1,     1,     1,     1,     1,     1,     1,     1,     1,     1,     1,     1,     1
     1,     1,     1,     1,     1,     1,     1,     1,     1,     1,     1,     1,     1,     1,     1,     1
     1,     1,     1,     1,     1,     1,     1,     1,     1,     1,     1,     1,     1,     1,     1,     1
     1,     1,     1,     1,     1,     1,     1,     1,     1,     1,     1,     1,     1,     1,     1,     1
     1,     1,     1,     1,     1,     1,     1,     1,     1,     1,     1,     1,     1,     1,     1,     1
     1,     1,     1,     1,     1,     1,     1,     1,     1,     1,     1,     1,     1,     1,     1,     1
     1,     1,     1,     1,     1,     1,     1,     1,     1,     1,     1,     1,     1,     1,     1,     1
     1,     1,     1,     1,     1,     1,     1,     1,     1,     1,     1,     1,     1,     1,     1,     1
     1,     1,     1,     1,     1,     1,     1,     1,     1,     1,     1,     1,     1,     1,     1,     1
     1,     1,     1,     1,     1,     1,     1,     1,     1,     1,     1,     1,     1,     1,     1,     1
     1,     1,     1,     1,     1,     1,     1,     1,     1,     1,     1,     1,     1,     1,     1,     1
     1,     1,     1,     1,     1,     1,     1,     1,     1,     1,     1,     1,     1,     1,     1,     1
     1,     1,     1,     1,     1,     1,     1,     1,     1,     1,     1,     1,     1,     1,     1,     1
     1,     1,     1,     1,     1,     1,     1,     1,     1,     1,     1,     1,     1,     1,     1,     1
     1,     1,     1,     1,     1,     1,     1,     1,     1,     1,     1,     1,     1,     1,     1,     1
     1,     1,     1,     1,     1,     1,     1,     1,     1,     1,     1,     1,     1,     1,     1,     1
     1,     1,     1,     1,     1,     1,     1,     1,     1,     1,     1,     1,     1,     1,     1,     1
     1,     1,     1,     1,     1,     1,     1,     1,     1,     1,     1,     1,     1,     1,     1,     1
     1,     1,     1,     1,     1,     1,     1,     1,     1,     1,     1,     1,     1,     1,     1,     1
     1,     1,     1,     1,     1,     1,     1,     1,     1,     1,     1,     1,     1,     1,     1,     1
     1,     1,     1,     1,     1,     1,     1,     1,     1,     1,     1,     1,     1,     1,     1,     1
     1,     1,     1,     1,     1,     1,     1,     1,     1,     1,     1,     1,     1,     1,     1,     1
     1,     1,     1,     1,     1,     1,     1,     1,     1,     1,     1,     1,     1,     1,     1,     1
     1,     1,     1,     1,     1,     1,     1,     1,     1,     1,     1,     1,     1,     1,     1,     1
     1,     1,     1,     1,     1,     1,     1,     1,     1,     1,     1,     1,     1,     1,     1,     1
     1,     1,     1,     1,     1,     1,     1,     1,     1,     1,     1,     1,     1,     1,     1,     1
     1,     1,     1,     1,     1,     1,     1,     1,     1,     1,     1,     1,     1,     1,     1,     1
     1,     1,     1,     1,     1,     1,     1,     1,     1,     1,     1,     1,     1,     1,     1,     1
     1,     1,     1,     1,     1,     1,     1,     1,     1,     1,     1,     1,     1,     1,     1,     1
     1,     1,     1,     1,     1,     1,     1,     1,     1,     1,     1,     1,     1,     1,     1,     1
     1,     1,     1,     1,     1,     1,     1,     1,     1,     1,     1,     1,     1,     1,     1,     1
     1,     1,     1,     1,     1,     1,     1,     1,     1,     1,     1,     1,     1,     1,     1,     1
     1,     1,     1,     1,     1,     1,     1,     1,     1,     1,     1,     1,     1,     1,     1,     1
     1,     1,     1,     1,     1,     1,     1,     1,     1,     1,     1,     1,     1,     1,     1,     1
     1,     1,     1,     1,     1,     1,     1,     1,     1,     1,     1,     1,     1,     1,     1,     1
     1,     1,     1,     1,     1,     1,     1,     1,     1,     1,     1,     1,     1,     1,     1,     1
     1,     1,     1,     1,     1,     1,     1,     1,     1,     1,     1,     1,     1,     1,     1,     1
     1,     1,     1,     1,     1,     1,     1,     1,     1,     1,     1,     1,     1,     1,     1,     1
     1,     1,     1,     1,     1,     1,     1,     1,     1,     1,     1,     1,     1,     1,     1,     1
     1,     1,     1,     1,     1,     1,     1,     1,     1,     1,     1,     1,     1,     1,     1,     1
     1,     1,     1,     1,     1,     1,     1,     1,     1,     1,     1,     1,     1,     1,     1,     1
     1,     1,     1,     1,     1,     1,     1,     1,     1,     1,     1,     1,     1,     1,     1,     1
     1,     1,     1,     1,     1,     1,     1,     1,     1,     1,     1,     1,     1,     1,     1,     1
     1,     1,     1,     1,     1,     1,     1,     1,     1,     1,     1,     1,     1,     1,     1,     1
     1,     1,     1,     1,     1,     1,     1,     1,     1,     1,     1,     1,     1,     1,     1,     1
     1,     1,     1,     1,     1,     1,     1,     1,     1,     1,     1,     1,     1,     1,     1,     1
     1,     1,     1,     1,     1,     1,     1,     1,     1,     1,     1,     1,     1,     1,     1,     1
     1,     1,     1,     1,     1,     1,     1,     1,     1,     1,     1,     1,     1,     1,     1,     1
     1,     1,     1,     1,     1,     1,     1,     1,     1,     1,     1,     1,     1,     1,     1,     1
     1,     1,     1,     1,     1,     1,     1,     1,     1,     1,     1,     1,     1,     1,     1,     1
     1,     1,     1,     1,     1,     1,     1,     1,     1,     1,     1,     1,     1,     1,     1,     1
     1,     1,     1,     1,     1,     1,     1,     1,     1,     1,     1,     1,     1,     1,     1,     1
     1,     1,     1,     1,     1,     1,     1,     1,     1,     1,     1,     1,     1,     1,     1,     1
     1,     1,     1,     1,     1,     1,     1,     1,     1,     1,     1,     1,     1,     1,     1,     1
     1,     1,     1,     1,     1,     1,     1,     1,     1,     1,     1,     1,     1,     1,     1,     1
     1,     1,     1,     1,     1,     1,     1,     1,     1,     1,     1,     1,     1,     1,     1,     1
     1,     1,     1,     1,     1,     1,     1,     1,     1,     1,     1,     1,     1,     1,     1,     1
     1,     1,     1,     1,     1,     1,     1,     1,     1,     1,     1,     1,     1,     1,     1,     1
     1,     1,     1,     1,     1,     1,     1,     1,     1,     1,     1,     1,     1,     1,     1,     1
     1,     1,     1,     1,     1,     1,     1,     1,     1,     1,     1,     1,     1,     1,     1,     1
     1,     1,     1,     1,     1,     1,     1,     1,     1,     1,     1,     1,     1,     1,     1,     1
     1,     1,     1,     1,     1,     1,     1,     1,     1,     1,     1,     1,     1,     1,     1,     1
     1,     1,     1,     1,     1,     1,     1,     1,     1,     1,     1,     1,     1,     1,     1,     1
     1,     1,     1,     1,     1,     1,     1,     1,     1,     1,     1,     1,     1,     1,     1,     1
     1,     1,     1,     1,     1,     1,     1,     1,     1,     1,     1,     1,     1,     1,     1,     1
     1,     1,     1,     1,     1,     1,     1,     1,     1,     1,     1,     1,     1,     1,     1,     1
     1,     1,     1,     1,     1,     1,     1,     1,     1,     1,     1,     1,     1,     1,     1,     1
     1,     1,     1,     1,     1,     1,     1,     1,     1,     1,     1,     1,     1,     1,     1,     1
     1,     1,     1,     1,     1,     1,     1,     1,     1,     1,     1,     1,     1,     1,     1,     1
     1,     1,     1,     1,     1,     1,     1,     1,     1,     1,     1,     1,     1,     1,     1,     1
     1,     1,     1,     1,     1,     1,     1,     1,     1,     1,     1,     1,     1,     1,     1,     1
     1,     1,     1,     1,     1,     1,     1,     1,     1,     1,     1,     1,     1,     1,     1,     1
     1,     1,     1,     1,     1,     1,     1,     1,     1,     1,     1,     1,     1,     1,     1,     1
     1,     1,     1,     1,     1,     1,     1,     1,     1,     1,     1,     1,     1,     1,     1,     1
     1,     1,     1,     1,     1,     1,     1,     1,     1,     1,     1,     1,     1,     1,     1,     1
     1,     1,     1,     1,     1,     1,     1,     1,     1,     1,     1,     1,     1,     1,     1,     1
     1,     1,     1,     1,     1,     1,     1,     1,     1,     1,     1,     1,     1,     1,     1,     1
     1,     1,     1,     1,     1,     1,     1,     1,     1,     1,     1,     1,     1,     1,     1,     1
     1,     1,     1,     1,     1,     1,     1,     1,     1,     1,     1,     1,     1,     1,     1,     1
     1,     1,     1,     1,     1,     1,     1,     1,     1,     1,     1,     1,     1,     1,     1,     1
     1,     1,     1,     1,     1,     1,     1,     1,     1,     1,     1,     1,     1,     1,     1,     1
     1,     1,     1,     1,     1,     1,     1,     1,     1,     1,     1,     1,     1,     1,     1,     1
     1,     1,     1,     1,     1,     1,     1,     1,     1,     1,     1,     1,     1,     1,     1,     1
     1,     1,     1,     1,     1,     1,     1,     1,     1,     1,     1,     1,     1,     1,     1,     1
     1,     1,     1,     1,     1,     1,     1,     1,     1,     1,     1,     1,     1,     1,     1,     1
     1,     1,     1,     1,     1,     1,     1,     1,     1,     1,     1,     1,     1,     1,     1,     1
     1,     1,     1,     1,     1,     1,     1,     1,     1,     1,     1,     1,     1,     1,     1,     1
     1,     1,     1,     1,     1,     1,     1,     1,     1,     1,     1,     1,     1,     1,     1,     1
     1,     1,     1,     1,     1,     1,     1,     1,     1,     1,     1,     1,     1,     1,     1,     1
     1,     1,     1,     1,     1,     1,     1,     1,     1,     1,     1,     1,     1,     1,     1,     1
     1,     1,     1,     1,     1,     1,     1,     1,     1,     1,     1,     1,     1,     1,     1,     1
     1,     1,     1,     1,     1,     1,     1,     1,     1,     1,     1,     1,     1,     1,     1,     1
     1,     1,     1,     1,     1,     1,     1,     1,     1,     1,     1,     1,     1,     1,     1,     1
     1,     1,     1,     1,     1,     1,     1,     1,     1,     1,     1,     1,     1,     1,     1,     1
     1,     1,     1,     1,     1,     1,     1,     1,     1,     1,     1,     1,     1,     1,     1,     1
     1,     1,     1,     1,     1,     1,     1,     1,     1,     1,     1,     1,     1,     1,     1,     1
     1,     1,     1,     1,     1,     1,     1,     1,     1,     1,     1,     1,     1,     1,     1,     1
     1,     1,     1,     1,     1,     1,     1,     1,     1,     1,     1,     1,     1,     1,     1,     1
     1,     1,     1,     1,     1,     1,     1,     1,     1,     1,     1,     1,     1,     1,     1,     1
     1,     1,     1,     1,     1,     1,     1,     1,     1,     1,     1,     1,     1,     1,     1,     1
     1,     1,     1,     1,     1,     1,     1,     1,     1,     1,     1,     1,     1,     1,     1,     1
     1,     1,     1,     1,     1,     1,     1,     1,     1,     1,     1,     1,     1,     1,     1,     1
     1,     1,     1,     1,     1,     1,     1,     1,     1,     1,     1,     1,     1,     1,     1,     1
     1,     1,     1,     1,     1,     1,     1,     1,     1,     1,     1,     1,     1,     1,     1,     1
     1,     1,     1,     1,     1,     1,     1,     1,     1,     1,     1,     1,     1,     1,     1,     1
     1,     1,     1,     1,     1,     1,     1,     1,     1,     1,     1,     1,     1,     1,     1,     1
     1,     1,     1,     1,     1,     1,     1,     1,     1,     1,     1,     1,     1,     1,     1,     1
     1,     1,     1,     1,     1,     1,     1,     1,     1,     1,     1,     1,     1,     1,     1,     1
     1,     1,     1,     1,     1,     1,     1,     1,     1,     1,     1,     1,     1,     1,     1,     1
     1,     1,     1,     1,     1,     1,     1,     1,     1,     1,     1,     1,     1,     1,     1,     1
     1,     1,     1,     1,     1,     1,     1,     1,     1,     1,     1,     1,     1,     1,     1,     1
     1,     1,     1,     1,     1,     1,     1,     1,     1,     1,     1,     1,     1,     1,     1,     1
     1,     1,     1,     1,     1,     1,     1,     1,     1,     1,     1,     1,     1,     1,     1,     1
     1,     1,     1,     1,     1,     1,     1,     1,     1,     1,     1,     1,     1,     1,     1,     1
     1,     1,     1,     1,     1,     1,     1,     1,     1,     1,     1,     1,     1,     1,     1,     1
     1,     1,     1,     1,     1,     1,     1,     1,     1,     1,     1,     1,     1,     1,     1,     1
     1,     1,     1,     1,     1,     1,     1,     1,     1,     1,     1,     1,     1,     1,     1,     1
     1,     1,     1,     1,     1,     1,     1,     1,     1,     1,     1,     1,     1,     1,     1,     1
     1,     1,     1,     1,     1,     1,     1,     1,     1,     1,     1,     1,     1,     1,     1,     1
     1,     1,     1,     1,     1,     1,     1,     1,     1,     1,     1,     1,     1,     1,     1,     1
     1,     1,     1,     1,     1,     1,     1,     1,     1,     1,     1,     1,     1,     1,     1,     1
     1,     1,     1,     1,     1,     1,     1,     1,     1,     1,     1,     1,     1,     1,     1,     1
     1,     1,     1,     1,     1,     1,     1,     1,     1,     1,     1,     1,     1,     1,     1,     1
     1,     1,     1,     1,     1,     1,     1,     1,     1,     1,     1,     1,     1,     1,     1,     1
     1,     1,     1,     1,     1,     1,     1,     1,     1,     1,     1,     1,     1,     1,     1,     1
     1,     1,     1,     1,     1,     1,     1,     1,     1,     1,     1,     1,     1,     1,     1,     1
     1,     1,     1,     1,     1,     1,     1,     1,     1,     1,     1,     1,     1,     1,     1,     1
     1,     1,     1,     1,     1,     1,     1,     1,     1,     1,     1,     1,     1,     1,     1,     1
     1,     1,     1,     1,     1,     1,     1,     1,     1,     1,     1,     1,     1,     1,     1,     1
     1,     1,     1,     1,     1,     1,     1,     1,     1,     1,     1,     1,     1,     1,     1,     1
     1,     1,     1,     1,     1,     1,     1,     1,     1,     1,     1,     1,     1,     1,     1,     1
     1,     1,     1,     1,     1,     1,     1,     1,     1,     1,     1,     1,     1,     1,     1,     1
     1,     1,     1,     1,     1,     1,     1,     1,     1,     1,     1,     1,     1,     1,     1,     1
     1,     1,     1,     1,     1,     1,     1,     1,     1,     1,     1,     1,     1,     1,     1,     1
     1,     1,     1,     1,     1,     1,     1,     1,     1,     1,     1,     1,     1,     1,     1,     1
     1,     1,     1,     1,     1,     1,     1,     1,     1,     1,     1,     1,     1,     1,     1,     1
     1,     1,     1,     1,     1,     1,     1,     1,     1,     1,     1,     1,     1,     1,     1,     1
     1,     1,     1,     1,     1,     1,     1,     1,     1,     1,     1,     1,     1,     1,     1,     1
     1,     1,     1,     1,     1,     1,     1,     1,     1,     1,     1,     1,     1,     1,     1,     1
     1,     1,     1,     1,     1,     1,     1,     1,     1,     1,     1,     1,     1,     1,     1,     1
     1,     1,     1,     1,     1,     1,     1,     1,     1,     1,     1,     1,     1,     1,     1,     1
     1,     1,     1,     1,     1,     1,     1,     1,     1,     1,     1,     1,     1,     1,     1,     1
     1,     1,     1,     1,     1,     1,     1,     1,     1,     1,     1,     1,     1,     1,     1,     1
     1,     1,     1,     1,     1,     1,     1,     1,     1,     1,     1,     1,     1,     1,     1,     1
     1,     1,     1,     1,     1,     1,     1,     1,     1,     1,     1,     1,     1,     1,     1,     1
     1,     1,     1,     1,     1,     1,     1,     1,     1,     1,     1,     1,     1,     1,     1,     1
     1,     1,     1,     1,     1,     1,     1,     1,     1,     1,     1,     1,     1,     1,     1,     1
     1,     1,     1,     1,     1,     1,     1,     1,     1,     1,     1,     1,     1,     1,     1,     1
     1,     1,     1,     1,     1,     1,     1,     1,     1,     1,     1,     1,     1,     1,     1,     1
     1,     1,     1,     1,     1,     1,     1,     1,     1,     1,     1,     1,     1,     1,     1,     1
     1,     1,     1,     1,     1,     1,     1,     1,     1,     1,     1,     1,     1,     1,     1,     1
     1,     1,     1,     1,     1,     1,     1,     1,     1,     1,     1,     1,     1,     1,     1,     1
     1,     1,     1,     1,     1,     1,     1,     1,     1,     1,     1,     1,     1,     1,     1,     1
     1,     1,     1,     1,     1,     1,     1,     1,     1,     1,     1,     1,     1,     1,     1,     1
     1,     1,     1,     1,     1,     1,     1,     1,     1,     1,     1,     1,     1,     1,     1,     1
     1,     1,     1,     1,     1,     1,     1,     1,     1,     1,     1,     1,     1,     1,     1,     1
     1,     1,     1,     1,     1,     1,     1,     1,     1,     1,     1,     1,     1,     1,     1,     1
     1,     1,     1,     1,     1,     1,     1,     1,     1,     1,     1,     1,     1,     1,     1,     1
     1,     1,     1,     1,     1,     1,     1,     1,     1,     1,     1,     1,     1,     1,     1,     1
     1,     1,     1,     1,     1,     1,     1,     1,     1,     1,     1,     1,     1,     1,     1,     1
     1,     1,     1,     1,     1,     1,     1,     1,     1,     1,     1,     1,     1,     1,     1,     1
     1,     1,     1,     1,     1,     1,     1,     1,     1,     1,     1,     1,     1,     1,     1,     1
     1,     1,     1,     1,     1,     1,     1,     1,     1,     1,     1,     1,     1,     1,     1,     1
     1,     1,     1,     1,     1,     1,     1,     1,     1,     1,     1,     1,     1,     1,     1,     1
     1,     1,     1,     1,     1,     1,     1,     1,     1,     1,     1,     1,     1,     1,     1,     1
     1,     1,     1,     1,     1,     1,     1,     1,     1,     1,     1,     1,     1,     1,     1,     1
     1,     1,     1,     1,     1,     1,     1,     1,     1,     1,     1,     1,     1,     1,     1,     1
     1,     1,     1,     1,     1,     1,     1,     1,     1,     1,     1,     1,     1,     1,     1,     1
     1,     1,     1,     1,     1,     1,     1,     1,     1,     1,     1,     1,     1,     1,     1,     1
     1,     1,     1,     1,     1,     1,     1,     1,     1,     1,     1,     1,     1,     1,     1,     1
     1,     1,     1,     1,     1,     1,     1,     1,     1,     1,     1,     1,     1,     1,     1,     1
     1,     1,     1,     1,     1,     1,     1,     1,     1,     1,     1,     1,     1,     1,     1,     1
     1,     1,     1,     1,     1,     1,     1,     1,     1,     1,     1,     1,     1,     1,     1,     1
     1,     1,     1,     1,     1,     1,     1,     1,     1,     1,     1,     1,     1,     1,     1,     1
     1,     1,     1,     1,     1,     1,     1,     1,     1,     1,     1,     1,     1,     1,     1,     1
     1,     1,     1,     1,     1,     1,     1,     1,     1,     1,     1,     1,     1,     1,     1,     1
     1,     1,     1,     1,     1,     1,     1,     1,     1,     1,     1,     1,     1,     1,     1,     1
     1,     1,     1,     1,     1,     1,     1,     1,     1,     1,     1,     1,     1,     1,     1,     1
     1,     1,     1,     1,     1,     1,     1,     1,     1,     1,     1,     1,     1,     1,     1,     1
     1,     1,     1,     1,     1,     1,     1,     1,     1,     1,     1,     1,     1,     1,     1,     1
     1,     1,     1,     1,     1,     1,     1,     1,     1,     1,     1,     1,     1,     1,     1,     1
     1,     1,     1,     1,     1,     1,     1,     1,     1,     1,     1,     1,     1,     1,     1,     1
     1,     1,     1,     1,     1,     1,     1,     1,     1,     1,     1,     1,     1,     1,     1,     1
     1,     1,     1,     1,     1,     1,     1,     1,     1,     1,     1,     1,     1,     1,     1,     1
     1,     1,     1,     1,     1,     1,     1,     1,     1,     1,     1,     1,     1,     1,     1,     1
     1,     1,     1,     1,     1,     1,     1,     1,     1,     1,     1,     1,     1,     1,     1,     1
     1,     1,     1,     1,     1,     1,     1,     1,     1,     1,     1,     1,     1,     1,     1,     1
     1,     1,     1,     1,     1,     1,     1,     1,     1,     1,     1,     1,     1,     1,     1,     1
     1,     1,     1,     1,     1,     1,     1,     1,     1,     1,     1,     1,     1,     1,     1,     1
     1,     1,     1,     1,     1,     1,     1,     1,     1,     1,     1,     1,     1,     1,     1,     1
     1,     1,     1,     1,     1,     1,     1,     1,     1,     1,     1,     1,     1,     1,     1,     1
     1,     1,     1,     1,     1,     1,     1,     1,     1,     1,     1,     1,     1,     1,     1,     1
     1,     1,     1,     1,     1,     1,     1,     1,     1,     1,     1,     1,     1,     1,     1,     1
     1,     1,     1,     1,     1,     1,     1,     1,     1,     1,     1,     1,     1,     1,     1,     1
     1,     1,     1,     1,     1,     1,     1,     1,     1,     1,     1,     1,     1,     1,     1,     1
     1,     1,     1,     1,     1,     1,     1,     1,     1,     1,     1,     1,     1,     1,     1,     1
     1,     1,     1,     1,     1,     1,     1,     1,     1,     1,     1,     1,     1,     1,     1,     1
     1,     1,     1,     1,     1,     1,     1,     1,     1,     1,     1,     1,     1,     1,     1,     1
     1,     1,     1,     1,     1,     1,     1,     1,     1,     1,     1,     1,     1,     1,     1,     1
     1,     1,     1,     1,     1,     1,     1,     1,     1,     1,     1,     1,     1,     1,     1,     1
     1,     1,     1,     1,     1,     1,     1,     1,     1,     1,     1,     1,     1,     1,     1,     1
     1,     1,     1,     1,     1,     1,     1,     1,     1,     1,     1,     1,     1,     1,     1,     1
     1,     1,     1,     1,     1,     1,     1,     1,     1,     1,     1,     1,     1,     1,     1,     1
     1,     1,     1,     1,     1,     1,     1,     1,     1,     1,     1,     1,     1,     1,     1,     1
     1,     1,     1,     1,     1,     1,     1,     1,     1,     1,     1,     1,     1,     1,     1,     1
     1,     1,     1,     1,     1,     1,     1,     1,     1,     1,     1,     1,     1,     1,     1,     1
     1,     1,     1,     1,     1,     1,     1,     1,     1,     1,     1,     1,     1,     1,     1,     1
     1,     1,     1,     1,     1,     1,     1,     1,     1,     1,     1,     1,     1,     1,     1,     1
     1,     1,     1,     1,     1,     1,     1,     1,     1,     1,     1,     1,     1,     1,     1,     1
     1,     1,     1,     1,     1,     1,     1,     1,     1,     1,     1,     1,     1,     1,     1,     1
     1,     1,     1,     1,     1,     1,     1,     1,     1,     1,     1,     1,     1,     1,     1,     1
     1,     1,     1,     1,     1,     1,     1,     1,     1,     1,     1,     1,     1,     1,     1,     1
     1,     1,     1,     1,     1,     1,     1,     1,     1,     1,     1,     1,     1,     1,     1,     1
     1,     1,     1,     1,     1,     1,     1,     1,     1,     1,     1,     1,     1,     1,     1,     1
     1,     1,     1,     1,     1,     1,     1,     1,     1,     1,     1,     1,     1,     1,     1,     1
     1,     1,     1,     1,     1,     1,     1,     1,     1,     1,     1,     1,     1,     1,     1,     1
     1,     1,     1,     1,     1,     1,     1,     1,     1,     1,     1,     1,     1,     1,     1,     1
     1,     1,     1,     1,     1,     1,     1,     1,     1,     1,     1,     1,     1,     1,     1,     1
     1,     1,     1,     1,     1,     1,     1,     1,     1,     1,     1,     1,     1,     1,     1,     1
     1,     1,     1,     1,     1,     1,     1,     1,     1,     1,     1,     1,     1,     1,     1,     1
     1,     1,     1,     1,     1,     1,     1,     1,     1,     1,     1,     1,     1,     1,     1,     1
     1,     1,     1,     1,     1,     1,     1,     1,     1,     1,     1,     1,     1,     1,     1,     1
     1,     1,     1,     1,     1,     1,     1,     1,     1,     1,     1,     1,     1,     1,     1,     1
     1,     1,     1,     1,     1,     1,     1,     1,     1,     1,     1,     1,     1,     1,     1,     1
     1,     1,     1,     1,     1,     1,     1,     1,     1,     1,     1,     1,     1,     1,     1,     1
     1,     1,     1,     1,     1,     1,     1,     1,     1,     1,     1,     1,     1,     1,     1,     1
     1,     1,     1,     1,     1,     1,     1,     1,     1,     1,     1,     1,     1,     1,     1,     1
     1,     1,     1,     1,     1,     1,     1,     1,     1,     1,     1,     1,     1,     1,     1,     1
     1,     1,     1,     1,     1,     1,     1,     1,     1,     1,     1,     1,     1,     1,     1,     1
     1,     1,     1,     1,     1,     1,     1,     1,     1,     1,     1,     1,     1,     1,     1,     1
     1,     1,     1,     1,     1,     1,     1,     1,     1,     1,     1,     1,     1,     1,     1,     1
     1,     1,     1,     1,     1,     1,     1,     1,     1,     1,     1,     1,     1,     1,     1,     1
     1,     1,     1,     1,     1,     1,     1,     1,     1,     1,     1,     1,     1,     1,     1,     1
     1,     1,     1,     1,     1,     1,     1,     1,     1,     1,     1,     1,     1,     1,     1,     1
     1,     1,     1,     1,     1,     1,     1,     1,     1,     1,     1,     1,     1,     1,     1,     1
     1,     1,     1,     1,     1,     1,     1,     1,     1,     1,     1,     1,     1,     1,     1,     1
     1,     1,     1,     1,     1,     1,     1,     1,     1,     1,     1,     1,     1,     1,     1,     1
     1,     1,     1,     1,     1,     1,     1,     1,     1,     1,     1,     1,     1,     1,     1,     1
     1,     1,     1,     1,     1,     1,     1,     1,     1,     1,     1,     1,     1,     1,     1,     1
     1,     1,     1,     1,     1,     1,     1,     1,     1,     1,     1,     1,     1,     1,     1,     1
     1,     1,     1,     1,     1,     1,     1,     1,     1,     1,     1,     1,     1,     1,     1,     1
     1,     1,     1,     1,     1,     1,     1,     1,     1,     1,     1,     1,     1,     1,     1,     1
     1,     1,     1,     1,     1,     1,     1,     1,     1,     1,     1,     1,     1,     1,     1,     1
     1,     1,     1,     1,     1,     1,     1,     1,     1,     1,     1,     1,     1,     1,     1,     1
     1,     1,     1,     1,     1,     1,     1,     1,     1,     1,     1,     1,     1,     1,     1,     1
     1,     1,     1,     1,     1,     1,     1,     1,     1,     1,     1,     1,     1,     1,     1,     1
     1,     1,     1,     1,     1,     1,     1,     1,     1,     1,     1,     1,     1,     1,     1,     1
     1,     1,     1,     1,     1,     1,     1,     1,     1,     1,     1,     1,     1,     1,     1,     1
     1,     1,     1,     1,     1,     1,     1,     1,     1,     1,     1,     1,     1,     1,     1,     1
     1,     1,     1,     1,     1,     1,     1,     1,     1,     1,     1,     1,     1,     1,     1,     1
